id,x,y
0,0.5766872776588791,0.790409887872298
1,-0.09906457006207676,-0.499169060591449
10,0.4545521442692333,0.41855042924221714
100,0.17751934454824564,-0.03355405608373408
1000,-0.19689352024659804,0.31969874646150115
1001,-0.9463111624360105,-0.05698345899236315
1002,-0.813764363170624,-0.5372154696921965
1003,0.3520285064523227,0.8512556641732858
1004,0.058240304745657195,-0.5123363539240278
1005,0.3744619496651589,0.6352173448372359
1006,-0.6395319128000942,-0.38321306053591764
1007,-0.16858967906065264,0.7590577488007214
1008,-0.4243707069181219,-0.33228210755385434
1009,0.6976484450582268,-0.3081394344035512
101,0.002663022750106797,0.8922172952188091
1010,0.48777311092413317,-0.32532895538878587
1011,0.308107804519289,-0.45444621946449887
1012,-0.5403405373388188,-0.5806334687252092
1013,-0.5151853763888766,0.033325713441365305
1014,0.2621743759047993,0.10449733179648303
1015,0.5277443624948593,0.4060339295638312
1016,0.7017134247091055,0.3151555350777623
1017,0.583553587618051,0.7499428252637788
1018,-0.549366903951704,-0.5548399114869513
1019,0.4379290977377333,-0.6392607591907267
102,0.6676105605752337,0.7488531275613067
1020,0.43944375537326363,0.8849188046213953
1021,0.2239604213737445,0.5977889464326099
1022,0.2549219283571237,0.6682272923021061
1023,0.5399230445520178,-0.8961915892847123
1024,-0.17130538951591195,-0.0343415935540798
1025,0.500859787637107,0.5307179028203525
1026,0.30960962466974584,-0.7846621335605415
1027,0.07943524852732639,0.04730346144510201
1028,-0.08528939924949419,-0.9550499634289866
1029,-0.346465976755908,0.35674907999936273
103,-0.35299010624013494,0.3442581777935957
1030,-0.8060810772201624,0.151865977031824
1031,-0.6481716271287177,0.40075098492649824
1032,-0.026672643105059055,-0.8940215061633248
1033,-0.2995779432919835,0.7409251862957084
1034,0.5424186254566614,-0.7760698583547717
1035,-0.5430737763839356,-0.14454972180126305
104,-0.7551440847699922,0.2424608327434442
105,0.21621748201461075,-0.7507710954922895
106,0.25531445153223514,0.3792437607217188
107,0.8043832041707177,-0.1518675245087534
108,-0.7078928385254393,0.6702662246525299
109,0.3455236684340095,0.14437521916183196
11,-0.8077967411638632,-0.4083738459555019
110,-0.5064805119661447,-0.22684728373120974
111,-0.18908906439796155,-0.6889997912901488
112,-0.18649311228043897,-0.49988694736007844
113,0.4582774396418516,-0.46733127576361727
114,-0.5313317837242179,-0.7929999907617623
115,-0.11738734667485266,-0.8434579891540588
116,-0.8684489671736411,-0.038179355721210124
117,0.46578193591336386,0.3629767770649447
118,-0.20323959662472985,0.5848616662418361
119,0.13115624963978126,-0.36084643764303137
12,0.5407319176287444,-0.9018000195900135
120,-0.7601544315185229,0.216915683151067
121,0.6852774086321115,0.17370377310295723
122,-0.023216325144559083,0.03995533223224423
123,-0.6995017007592091,-0.3767633589255399
124,-0.2409261118754015,0.8705369135851139
125,-0.9439155375125596,-0.2955591640717409
126,-0.6692375901138781,-0.3561432499777608
127,-0.7839369969733972,-0.20263486553252502
128,0.14375348261807505,0.3971465408496988
129,0.18150503679674349,0.00444772150630445
13,0.14185446871970486,0.16772350706162886
130,0.7466052632944884,0.5613149247756736
131,-0.7711499153888046,-0.5664145331680916
132,0.43104908783556606,-0.5645154721471117
133,-0.5264247251149339,-0.7887748069578567
134,0.49533372832117634,-0.18534905572938856
135,-0.6336911953341308,0.5629248696350027
136,-0.5757706566652518,-0.33064858515191586
137,0.5559196533252254,-0.8899982672093786
138,0.07100759040896897,-0.9651762855638264
139,0.5692245035668835,-0.3439036166319445
14,0.6565644619326398,0.8132992535424438
140,0.7636808881171059,0.26863998938028655
141,-0.19857454695617985,-0.9603842371651986
142,0.6660162169544587,0.7389405117674529
143,0.32199124684559044,-0.27388519067153516
144,-0.02209745582236295,0.9059752592634045
145,0.15143031120107947,0.13783331517716593
146,0.6091531195922315,-0.008429616661084278
147,0.4177594337190434,-0.053252576625898544
148,-0.4474802745950297,0.6086896579182116
149,0.05871409257918668,-0.05775786874410249
15,0.47766607390962323,-0.5072369705742881
150,-0.3476751492505324,0.34913997166171234
151,0.5715458577318793,-0.29092151273707334
152,-0.5783430941215952,-0.5470690585699081
153,0.013341960225178438,0.05445744223923462
154,-0.4948677028019381,0.08642031074940631
155,0.5075087628017243,-0.24989070397658694
156,0.19744037037985918,-0.852366927394621
157,0.6881171190575828,-0.07115751849113597
158,0.6973211056690161,0.5957973825603864
159,-0.08734182959032194,0.8311998158943975
16,0.22534939586375716,-0.7456569988312508
160,0.23712625874009674,0.6173141225622475
161,-0.2116853175166101,0.6848975509776164
162,-0.03866481462512045,-0.9293245767148733
163,-0.9963868630525332,-0.10827044886384604
164,-0.48859508197771856,0.1601586878539877
165,0.6998163928586296,-0.4817173080922444
166,0.2240434645351331,-0.042992853998168934
167,0.6516017112544737,0.7429929464359032
168,0.4092034696676739,-0.43702472566924166
169,-0.7726897999281886,0.23383288310880654
17,-0.9014586255049089,0.0800009131265496
170,0.6547226762335379,-0.4188806458114582
171,0.15934471209194145,-0.13041780347276385
172,0.622006241601969,0.48246432481178003
173,0.2705558601387849,-0.6959847137931835
174,0.14257766930368915,0.16464679186107686
175,0.1263499846742049,0.07386159416867695
176,0.1629310305323634,-0.8738570209505264
177,-0.21730153107076416,0.5349932470127621
178,0.3439726441050746,0.18379888616965298
179,0.08117646845938169,0.8715753631839182
18,-0.31320019541365046,0.38432337371429925
180,0.4636372708905302,-0.4670662285544846
181,0.14697828687472245,0.18134122697751742
182,0.5819201719064999,0.813931162169406
183,0.6743185461147837,0.7642777117881886
184,-0.44426940631463757,-0.7614881992623714
185,0.44570561605704634,-0.03563016364961908
186,-0.1694532583535591,-0.35075205039381735
187,0.6452576932789974,0.5500678528587799
188,0.6444716485274485,0.21341296330779863
189,0.18471472693446314,-0.492813415361642
19,0.22994334861860247,0.39137890284505905
190,0.4392307156259367,-0.7337751995424865
191,0.12564102473992073,-0.9268411930878738
192,0.5419242468730016,-0.39222408657980234
193,-0.16180996611720874,-0.5153842194001218
194,0.5088725458942837,-0.6942867655236871
195,-0.6252771714293561,0.5507873965735176
196,0.0979019936182489,0.3506232011666503
197,-0.4743156720837389,-0.1164954079799827
198,-0.6156311510107857,-0.1385848623724573
199,-0.24586408357841316,0.8346979312715322
2,-0.07393482892684053,-0.49436985734462363
20,-0.042394735625774234,-0.18861475631040692
200,-0.3222200074877127,0.3541174290894262
201,0.5829493504141201,0.6618345058571683
202,0.535589463085721,-0.6419828345641547
203,-0.04222423419175453,-0.3426466297946058
204,0.7737681098268148,-0.4757404697441148
205,0.294558368332164,-0.8422985403039869
206,0.22625856080075787,-0.7282623724408617
207,-0.6803961326423175,-0.08786192063879703
208,0.04061064209671334,0.028920783608340474
209,-0.4798418176661075,0.09402688085776759
21,0.288878245727564,-0.764629872123541
210,-0.6830272221936853,-0.2528201165360245
211,0.7709442188877348,-0.39746463715945207
212,-0.34327315052729246,0.35245322588577904
213,0.16111341332424423,-0.9329645328591235
214,-0.040120643335963234,-0.9549606642386536
215,-0.4177099437354773,0.09087371447870177
216,0.22577117845256925,-0.7729084438414905
217,-0.17986419483937072,0.7364115145848018
218,-0.5304531428540423,-0.257279187104268
219,0.0029149649792635903,-0.9774688332365918
22,-0.08366602449082294,-0.9544195786473108
220,-0.6904543523167853,-0.382135221488824
221,-0.781663044027131,-0.5667872147192347
222,-0.7286494637889368,-0.3725671074489911
223,-0.8913604325486258,0.16945965423585937
224,0.2783681047189213,-0.1229739054331119
225,0.5880496969114665,0.2993582852033256
226,-0.3676967287085267,-0.128357035471384
227,-0.6416252387870691,0.5464108214178224
228,-0.196147675868857,0.529950879132692
229,0.7384325576590035,0.7007541062659519
23,-0.34485804867514286,0.3452323494490836
230,0.09349829161793508,0.10082861122309679
231,0.6852860660021862,0.15727305977332523
232,-0.3428399152509688,0.3498341940320377
233,0.5005910442441847,-0.2512678096791355
234,0.2994787412684547,-0.7778917376619501
235,-0.9375554549295282,-0.31309607202506917
236,-0.3452874148824957,0.3460333740330179
237,-0.6288313764913915,0.563188149260466
238,-0.1870993281887102,-0.3623924329313503
239,0.2052965226183259,-0.8664937541574989
24,0.41636042251727257,0.38034140768225777
240,0.5971186134998672,0.2681971553765707
241,-0.8273927789783138,-0.1276164063197638
242,-0.8141408552886539,-0.12813844475802783
243,-0.3505221077883126,0.34800055403393015
244,-0.4411441313210611,-0.7609770269816645
245,-0.6500637504354321,-0.2331996750389895
246,0.14801213474311814,0.21724955523571413
247,0.6322279893919596,0.3219788884851821
248,0.5760742607037933,0.7894204049048782
249,-0.24720180308404796,0.8842762306280638
25,0.22526879298077815,0.36521530527208773
250,0.5436474444800508,0.6414390006233356
251,0.19265505186286366,0.7773688854739185
252,-0.6365274372884598,0.5540504563695315
253,0.05556102559632014,-0.9838976802835908
254,0.13918812084377788,-0.020951551753218816
255,-0.2567934323777272,-0.6872068559946664
256,0.44936640697546987,0.2073755946644482
257,0.03336386671045307,-0.9966956756608495
258,0.253440550319093,0.37310422514253433
259,0.6996632248742284,-0.03887380811708393
26,0.6832772412110883,0.7384254282545769
260,0.5390162960706859,0.38180520303582755
261,-0.6584632373124015,-0.09667714825330186
262,0.3193826480335486,-0.27332856800113364
263,0.5915669593011281,0.5080248375804378
264,-0.2096854351342918,0.09455060540948083
265,0.674368303127499,0.8099002072638849
266,0.08141905983455287,0.16578026400841833
267,0.4547162236122248,-0.21291090735647866
268,-0.5279295257363599,0.1897689634880615
269,-0.710209133964976,-0.6425504849724616
27,-0.008555742885420634,0.6750122207687758
270,-0.3213189217319177,-0.12597793771793364
271,0.4492982154037613,0.04392677860903613
272,0.5502817674630982,-0.5700761265013142
273,0.10606676402000104,-0.28457334931163547
274,0.005093288627883082,-0.09663692184702982
275,-0.6237054436877293,-0.35269948236270654
276,0.31848956584890475,-0.7391002365648969
277,-0.18421296222818417,0.7530775492721281
278,-0.08668660110493709,-0.506805591791835
279,0.6376070672586954,0.719789294003991
28,-0.6985610370836371,-0.2455415203782059
280,0.32183834175533965,-0.6031947441339764
281,-0.7191832432145064,-0.5418817788115537
282,0.334250725128161,0.28523652664185545
283,-0.7223790404390613,-0.37332866971838186
284,0.7686237543037842,0.4030151831205563
285,0.02992959073406123,-0.9359549672080876
286,0.5705651555763449,-0.8205091692825605
287,0.693146372592359,0.2607840730012724
288,0.5959338614827071,0.500203557058248
289,-0.42173949347313877,0.49586386559681017
29,0.37128277241902663,0.61993985668564
290,-0.11911032105707321,-0.9660333526764272
291,-0.1811350385934743,0.7055440164782046
292,0.41184242284718964,-0.14204019258789663
293,-0.6194566668375151,0.05063538207836415
294,0.7496932586904539,-0.2665403691972089
295,0.2270082780675952,-0.47774132270866476
296,-0.6589801536746224,-0.13651468111833515
297,-0.19636124824202425,0.590662380741124
298,0.39880651657230975,0.23882462090817574
299,-0.1894898579349342,0.7798289181372587
3,0.062026307268056406,0.10110761370192803
30,-0.054469658008805245,0.8470328353185301
300,-0.171634660650304,0.7548138527547515
301,-0.19506997787322566,0.08758883787907977
302,0.0026510796917358927,-0.9177686510745702
303,0.3303183226696175,-0.5367526105997955
304,0.5101737855791845,0.2748878317231109
305,-0.01057317931199853,0.5726397736656154
306,-0.18423087814855577,0.7733613818613398
307,0.3588549144377882,-0.7229318747460829
308,0.04675663472010381,-0.6953896987080006
309,0.42364256811139345,-0.507731669956321
31,0.3853219929189606,-0.5939269300334534
310,-0.5273599750949891,-0.31583996406633413
311,0.054246607489104065,-0.9867475551740679
312,-0.33119779281171596,0.29145446276360354
313,-0.6486109089364648,-0.4306539130702299
314,-0.5118139850261486,-0.3015955785856004
315,-0.4946797969936925,-0.5257206209188181
316,0.27174609212175954,0.3947538577396245
317,-0.0074588431345906595,-0.6520487622408154
318,-0.45138274789864724,0.030384749112051076
319,-0.34180499264914976,0.3613436863462844
32,-0.8659947065818656,-0.18319879927179064
320,0.2815388664160051,-0.19513833060448924
321,0.733992771050882,0.3389508355420864
322,0.5354485592147399,0.18208645859366884
323,0.7221752924980158,-0.4234645271166385
324,0.4138057727066163,-0.13262124295574013
325,-0.011298669471908182,-0.10118607155377947
326,-0.6477362180008694,-0.2503194775573609
327,-0.5443498689856361,-0.3213663661447051
328,-0.5037175560365024,-0.15138953566580743
329,0.5882644547992318,0.44454579342372214
33,0.4088792254935917,0.09595118926624996
330,-0.4073126407876424,-0.7851529310949371
331,-0.27826866491874835,0.8105822105315137
332,-0.1548657343385409,-0.05798176674897955
333,-0.0289025891768941,0.28626204805890615
334,0.22149473830965422,-0.7460902694067236
335,0.042921795505207375,-0.6275746901242678
336,0.3095291415110807,-0.35544728235903017
337,0.0022986349231641397,0.08294827321870683
338,-0.6194566668375152,0.05063538207836413
339,0.2027555806720449,-0.49078455598560516
34,0.6158317492999983,0.591113214848897
340,0.03207234078749258,0.6384623705774979
341,0.6136258190350972,0.796823031473267
342,-0.11492097975492248,-0.49060235776990535
343,-0.07519366881474897,0.6855943073118759
344,-0.4826791254589378,-0.13831080811206148
345,0.58157040449079,-0.2834271626764254
346,-0.5223385439182348,-0.7779242169005689
347,-0.03895058851305778,0.8296699622619089
348,0.08052955420251752,0.816869031133575
349,0.2135211723702186,-0.6936143944222486
35,-0.0037789892890887156,-0.9065492452934271
350,-0.48442967434650563,0.06823604208021102
351,-0.3389562101159171,0.35754344950717154
352,-0.33146943164739234,0.36165276651124695
353,0.565169835810956,0.849319621805721
354,0.4724391215269972,0.17314614730459904
355,-0.1993403424603445,0.11598227273364005
356,-0.2868439000515168,-0.21749204109668
357,0.19199441506251685,-0.6976471156587423
358,0.6626837861257875,0.7612289305333434
359,-0.8820180592574786,0.11838737474917758
36,0.018963610274556064,-0.12156356517632341
360,-0.6999632322134827,0.6771971793739298
361,0.5525693894849754,-0.29406230541666056
362,0.44339944753393684,0.9301574403878433
363,-0.10640823810140312,0.8746785883809087
364,-0.9264736515491856,0.11682152713383949
365,0.6205566698357716,0.520172470564814
366,-0.18524371758122743,0.4085263315570639
367,-0.7431978807288002,-0.5165873307746242
368,0.6266606849416407,0.2771725065006015
369,0.25552945648672093,-0.5097146828201924
37,0.7285127945555023,0.789466297256789
370,0.14034679273222955,-0.3590342216777392
371,0.0425346091730985,-0.15608708060722323
372,-0.9063336103603506,0.09038594764225913
373,-0.6503731515856266,-0.2158235521644352
374,0.6586481244091039,0.7474034808727387
375,0.4366883194957492,0.2647598929587916
376,-0.8424754972114908,0.26525671897291914
377,-0.42740519696630924,-0.7509988179889022
378,-0.8131982277684361,0.09045803742772733
379,-0.10779009879005373,0.34200666703185767
38,0.1730556879492305,-0.047615835360461906
380,0.6723813674021245,0.7500001147673767
381,-0.19086276764496696,0.7539226725034156
382,0.6461228133631283,0.748952536356361
383,0.5028036230516225,-0.3133139889022403
384,-0.951351599534884,-0.21650086980754557
385,-0.6914504177873341,-0.4670593379266477
386,0.7008113115408277,0.7979154095520741
387,0.3567555146943082,0.8525410808148878
388,0.6490354238090132,0.5886769416723717
389,0.7316840119180441,0.5530340684631132
39,0.5503408198802253,-0.6044437980526892
390,-0.13864015442272692,-0.983365715652263
391,0.3987098276409472,-0.04929993279471653
392,0.14014750150133187,-0.6205131362933174
393,-0.6228339233954642,-0.378886220567355
394,-0.3277321614933434,-0.771037284241563
395,-0.13358953737630755,0.1459137900564701
396,-0.21081854317291124,0.5421350495583772
397,-0.8057468277609372,0.14003173770895608
398,0.22404391509509722,-0.7875071938017592
399,-0.2813201207631456,0.264238946287647
4,0.12620811239207827,0.2339523022407037
40,-0.846371752020355,-0.10803302240487561
400,0.18219040610979628,-0.048860287982674014
401,0.10082211489013358,-0.6220131935217509
402,-0.15708519406125257,-0.5077800045100095
403,0.6497401739807362,0.2274440227378334
404,-0.07342099868879622,-0.650287102487156
405,0.5409522105239253,-0.5735151750375901
406,0.45807875412526267,0.9102100204196679
407,0.6462445343786134,-0.4129024997725623
408,-0.27892946002480407,-0.6364895210680925
409,-0.7403926003873803,-0.37867736519558737
41,0.178695544406308,0.7846089681157269
410,0.5725118424208409,-0.8120928932890055
411,-0.43359557545744126,0.617058018327258
412,-0.7081516279876636,0.6652850459124863
413,0.44369549640732886,0.8796883439028865
414,0.5566276836547558,0.6120688449695323
415,0.013598524802216917,-0.07883334178922577
416,-0.154152382064372,0.7252217053086243
417,-0.6915513512688508,0.37842540045342626
418,0.13951568046672447,0.029391055178404422
419,0.3476082291848693,0.23920338648496237
42,-0.5614169753027091,-0.12855488682730756
420,-0.5355951782722005,-0.08889016607121042
421,-0.12738082571563775,0.6436251264614771
422,0.7244476657137068,0.5966831534252309
423,-0.1978935680761528,0.7656327430094766
424,-0.34730151952289356,0.34699947888617266
425,0.23998642635174963,-0.7723006279681229
426,0.31505781067136357,0.8500240684137338
427,-0.766378489870736,-0.17986043817205402
428,-0.6008690639837401,-0.5308669283619435
429,0.23026652503981002,-0.603523291551398
43,0.8204615548546044,-0.26780204654870665
430,0.14043760921837678,0.0035443485573425125
431,0.7812405982402166,-0.40584034950024006
432,0.4906499740838404,0.8211490961146677
433,0.3980390724754615,-0.7137123029926481
434,0.6848039501329293,-0.4151279920088576
435,-0.4975370920619661,0.11767124879872964
436,0.346347056237471,-0.486732037557439
437,0.28496968145776874,0.2706633618676494
438,-0.1568078092422959,0.6684717289266828
439,-0.12440026874217333,0.10257721141172928
44,0.5613531066545652,-0.7499145192071927
440,0.30450679356829224,-0.774937204120698
441,0.4074754156040016,0.37948986416375347
442,0.5271293873330845,0.6177131420714574
443,-0.3370722665700691,0.3464295645973286
444,-0.33960456876085937,0.34356361991988627
445,0.11011605368743327,0.732495693096994
446,0.7204950948297861,0.5995614951372188
447,-0.6305693019393571,-0.36179126568618125
448,0.3741303735403675,0.8387004386848962
449,-0.5617397598000053,-0.5708962611390428
45,-0.10010672268792378,0.9143070947255028
450,-0.2037528988619544,0.18394094853559467
451,-0.9696338799740453,-0.2414184763124042
452,-0.19109567862627203,-0.36261349293269673
453,0.31720536295706553,-0.46753177581641225
454,-0.17174802612424103,-0.04667328940175229
455,-0.6655386009776723,-0.3878470283595415
456,0.22866402005843608,-0.46606412440348155
457,0.6836052547457121,0.7200529976495286
458,0.532436152210885,-0.5932543861789533
459,-0.255087205982047,0.7811988309261101
46,0.06419250644515502,-0.9831039019700394
460,0.5767642057040085,-0.5469360369162172
461,-0.0031622026268975038,-0.08838659166941673
462,-0.6353429289446918,-0.2623486214122369
463,0.2538461167338129,-0.3981448869314221
464,0.5674953351542992,0.23775855384411568
465,0.07129492483835137,-0.9986378477782287
466,0.011632575755915881,-0.7326014399199485
467,-0.04251204001949909,-0.8420621086301963
468,-0.2098220658917707,-0.3165292718567105
469,-0.8086103099896199,0.1420928336899024
47,-0.09699025131540435,-0.3786458264496185
470,0.3509769442981028,0.3394832881757735
471,-0.6276052247094819,0.3111547395642396
472,0.6099780378244626,0.43884913131729486
473,0.5644242388270244,-0.8100128126470906
474,-0.2017854254312524,-0.7255348065574373
475,0.7694560820533163,-0.3518452527962441
476,0.42586429289177824,0.8856104436851115
477,0.11377132842681323,0.38686374773449833
478,0.803304804625825,-0.3085814852814522
479,0.569404897580444,-0.4066740357468347
48,-0.12159471260581504,-0.08415534139798245
480,0.6196086107535462,0.1729965867602332
481,0.2170171565863171,-0.2462781515297303
482,-0.38720349770798296,-0.5194128419645068
483,-0.34539584054722217,0.34442995834466167
484,0.8100862082925995,-0.31444900958037963
485,-0.19267810093733276,0.7380919387717587
486,0.5233860576436375,0.739266567670446
487,-0.1897443292714289,0.6831407106334101
488,-0.4647202739496743,-0.17227256647901357
489,0.3815540448177426,0.36250993351773697
49,-0.17705891414802327,0.7552956243701676
490,-0.0015225770131995495,-0.8519776843675355
491,0.526811843048021,-0.7380660205030053
492,-0.11630165241429909,-0.6715894976128478
493,0.946753931895351,0.29176283509841033
494,-0.2516195659910993,0.39525601257895293
495,-0.0038572216614279693,-0.05964996912394616
496,-0.35126120553718687,0.29081203884066087
497,0.19318457127025235,-0.8364404843484393
498,0.5872106307693397,-0.39959854619408947
499,0.4746512916665109,-0.2475677798085932
5,-0.7541213502150642,-0.5585225123148724
50,-0.14290210077998913,0.8132465334650353
500,-0.8816892006798642,0.10332705885831438
501,0.25221685176340214,-0.7362581842761943
502,-0.7305089986378706,0.261676879567553
503,0.594472751638511,-0.6295694714460419
504,0.6704460539366848,0.7827868439564791
505,0.15639952544398011,-0.6446216902047195
506,-0.8350049384813,-0.21435253780781674
507,-0.18181071049553657,0.10596588497908127
508,0.09176300063114938,0.6692825045189841
509,0.8123746678727644,-0.3096488208565613
51,-0.7338960111278628,0.12031981094209751
510,-0.2936888919829242,-0.7919268169811251
511,0.5050595371606384,-0.21285930377823306
512,0.1097140108530084,-0.21855209978799472
513,0.3727075033816422,-0.07061452959748238
514,-0.1846258516796396,-0.50309305024052
515,0.4028309161384925,0.22206068718771818
516,0.5437235247928458,0.16648784869057767
517,0.23576661741786034,0.42861688764044475
518,-0.42518922604649584,0.05048122020077079
519,-0.05010001215009529,0.6975094251616382
52,0.6973044332864633,-0.03613350915042724
520,0.3955782392239462,0.17866198132580322
521,-0.7279324239507251,0.2828024279855796
522,-0.345999052521485,0.3503551256184788
523,0.1959365197214218,0.7096511203853701
524,-0.7875512238207055,0.2297726311856741
525,-0.6519256424692098,0.64244483205617
526,0.7783096885857632,-0.41790602595453613
527,0.7205963929251967,0.620498276525784
528,0.3049638636231929,0.7262934692264769
529,0.33957333868033385,-0.703114034282456
53,0.5623876195211028,0.8186779108378804
530,-0.26603651723841126,-0.6834578780906053
531,-0.11975128208683891,0.10661208201069768
532,-0.574191950914304,-0.2635007289983103
533,-0.8647881204035907,0.04108015764248232
534,-0.11036626770350254,-0.965929607084602
535,0.6591930199214312,0.5658557847092224
536,-0.4412701691408059,0.6097320508299975
537,0.6267971376115328,0.2515141270927992
538,-0.23078991474265637,-0.304410533561787
539,0.4029801646765312,-0.5020895974208955
54,-0.6730118403128394,-0.2505202930368811
540,-0.8574196202969137,-0.501333021398519
541,0.7543041323609853,0.2824247375207882
542,0.6826332882620643,-0.4465994138911402
543,-0.13151783625117347,0.3053598555122921
544,-0.3526469851425398,0.34832562348491247
545,0.1170304658576587,0.21769878189672012
546,-0.8744934356485737,0.12303845403031807
547,-0.486403547028808,0.14767703563978773
548,0.07332932791750843,-0.539298247136599
549,-0.8254759167411599,-0.1935069395642175
55,-0.9954547048332383,-0.1397469571094063
550,-0.4556210718421403,-0.336672759397563
551,-0.34820727855936984,0.3471889918057878
552,-0.5977572657383482,-0.2994375282014035
553,0.7604709542621605,-0.4249795109238077
554,-0.6108061264523243,-0.3757221808145839
555,0.09035633037224898,-0.9813078133945278
556,-0.29598403973470333,-0.08374056329993626
557,-0.31602656340393387,-0.7899116250729179
558,-0.15457317606574167,-0.36360149990775464
559,-0.49907707248213024,0.17356062800882996
56,-0.0971661791555413,-0.1535297949897586
560,0.3974071391727258,0.38101570892230935
561,0.013949004845799869,0.878327948451235
562,-0.33457856299916033,0.35515753037279857
563,0.3104306378219948,0.9032220251276867
564,0.14204238320824727,0.1884184946295005
565,-0.07016273128355993,-0.9723385129306672
566,0.11076637437162329,-0.3829090122201175
567,0.06317679991976537,-1
568,-0.7250925090588344,-0.4068666561972159
569,-0.5316848522296549,-0.2545192552087658
57,0.6624254568913718,0.15164116036310582
570,0.7126096932110205,0.737882990637633
571,0.02790369425731398,0.058987480432514776
572,-0.16056211751357943,0.6668540208423218
573,0.9583654392052038,0.28681900402154886
574,0.007799845391653403,-0.15071535787735474
575,-0.6444507522803499,0.2699899516098987
576,0.5135350085282842,-0.2543992053478295
577,-0.5770169386001331,-0.3209861116955171
578,-0.2965473385006453,-0.7898875355103704
579,-0.3305973170115707,0.3489835240381436
58,0.5734925916428304,0.4274081696490471
580,0.6465486988434885,0.7617675984780538
581,0.22640033487142044,-0.05314422502521329
582,0.04739351744737448,0.39520096284019035
583,-0.7600341963254538,-0.5073053613975127
584,0.6332240798959737,0.26616081555751564
585,-0.22544530014899153,0.8267829152217498
586,-0.30105268093815857,-0.7009280012453025
587,-0.0029868679302603664,-0.8890056600770283
588,-0.1518323836115324,0.7078473151494263
589,0.6248567963293032,-0.41503487780943354
59,-0.873429790697141,0.06404172916680906
590,-0.009695815255930731,0.6627697336124959
591,-0.7910891163642935,0.1613745811804975
592,0.01852627604500839,0.8702005670917464
593,-0.5349737002220513,-0.14735158462009568
594,0.45275197512243065,-0.06332285442839318
595,0.6159300234900414,0.5427578659470174
596,0.5632140510674684,-0.3502337439709666
597,0.3713630522644504,-0.6994043221171214
598,0.4177459115945087,-0.6574672363484163
599,0.10770269138938385,-0.2701451524855192
6,0.36236737991569057,0.566484366014229
60,-0.024461845306615142,-0.5746285689602876
600,0.08462077652525728,-0.07458491028461584
601,-0.4969003571124924,-0.49562988289269644
602,0.5923083213216244,0.6068952546133083
603,0.7460363082559753,0.41774139794813925
604,-1,-0.18096561785625875
605,0.14653597116877043,-0.003466361529338061
606,0.1983127768928488,0.12146549985009873
607,-0.008086200222354682,0.92584543567916
608,0.3629314125012057,0.44726853103182856
609,-0.47415130714222664,-0.3056798566326942
61,-0.2826117570630391,0.4982275260510888
610,0.24644477797767095,0.7515850058559316
611,-0.2487412509358916,0.8259916449235126
612,-0.6402821043654124,-0.2928429997450615
613,0.7002005816014683,-0.060948321289654835
614,-0.1322197497902679,-0.9764211420080903
615,0.26802451805736294,-0.26985737582192953
616,0.17630188945144146,-0.01866413411223324
617,-0.08946952226360515,0.622094598590997
618,0.9340937284804757,0.39498117532286303
619,-0.43121668670498065,0.6105328430343656
62,-0.8041830060610046,-0.5190425984988922
620,-0.6437347891670696,-0.5328273350987043
621,-0.850737724397877,-0.11858514233945998
622,0.6515657665604868,0.6501037161740723
623,-0.33200371462461936,-0.13353938377668167
624,0.6175917648598025,0.7403758062651716
625,0.2982745110696973,0.3125685798805603
626,-0.11251124121862446,0.7711402909334716
627,0.2025246871791199,-0.7388373543759352
628,-0.630947793403267,-0.547452106926906
629,-0.6696110322166,0.6860336460285252
63,-0.31396553415597345,-0.8147213523956363
630,-0.7445357594089672,-0.20621162544971341
631,0.19898053960899661,-0.864437213052223
632,0.5844811070637177,0.35491530484374184
633,-0.5306645563211108,-0.07587410482787915
634,0.7350065343929771,0.3739158242496991
635,0.4312118540590463,0.8553842700748421
636,-0.48076392793540385,0.06269825957414946
637,-0.35071667113803157,0.3479523913281558
638,-0.3389373011459692,0.34524635233151796
639,-0.08728405703334613,-0.5081710453760496
64,0.23873234058871762,0.6796191284946793
640,-0.6186110463840867,0.5492031515608733
641,-0.16218703290270958,-0.4637851773026569
642,-0.7581915730038278,-0.18280241490224122
643,0.7698245791798353,-0.19486033546284354
644,0.8905544333610583,0.4337574916344935
645,0.8035259529876186,-0.2733627097450368
646,-0.22805477985791353,0.8184554047311975
647,0.5404181449459194,0.2140420004916222
648,-0.09519900441503304,-0.9999768903771338
649,0.613572224184387,0.1648663103965642
65,0.7208642607560726,0.6476756265182783
650,0.5947379582447501,-0.00012979185300091513
651,0.36409089241988596,0.20697588279046422
652,0.5634966157319244,-0.09731180421631438
653,-0.11305008477676783,-0.3694285796113522
654,-0.9223573705343481,0.04254373418393368
655,-0.6352570994601673,-0.5388482031965558
656,-0.32635514805960325,-0.11197894064384126
657,0.7420114662735406,0.6051655097788121
658,0.05562548918106966,-0.49450959395468763
659,0.004447845557199016,0.15895141917889413
66,-0.5407918672772746,-0.7973868965900702
660,-0.10064112600183775,-0.09811438757171684
661,0.21212223261569893,-0.0976934660054671
662,0.5414344379843725,-0.31151667008429484
663,-0.06134401473186094,0.5595905586558221
664,-0.8398614997636263,0.2793615561312933
665,0.4659125752112038,0.44493074800582266
666,0.7765102952542972,0.12570800737196888
667,-0.1405674252990503,-0.3283558035788923
668,0.44384596710183893,0.2461791105234608
669,-0.008975489840533615,0.27913030180554615
67,0.5621653701879227,-0.597797326798181
670,0.4966198431153544,-0.236073617228043
671,-0.8814370683957312,0.0891080374690334
672,0.20640587416742703,-0.09063140233243891
673,0.43136889958749786,0.18826776645350363
674,0.6689867637724054,0.3064041051196727
675,0.36289025553084575,0.26842905649532517
676,-0.1904016491630195,-0.19414261034476893
677,-0.5693160957242006,-0.1360759612293906
678,0.7672050158228734,0.6303784025253744
679,0.38074871521483095,-0.618846633283603
68,-0.22401497124723668,-0.9494167561141987
680,0.13879980761580724,0.338310688979612
681,0.5513109107183314,0.6575563328476114
682,-0.1746202579975169,-0.02020051202153745
683,-0.4309402716107235,0.6273735147232025
684,-0.2051085304380425,-0.3364772430070249
685,0.23682250523833745,0.5873573526673174
686,0.38054596929595313,-0.6839882886223805
687,0.08885805794432877,-0.5276737921075516
688,0.8130464864184986,-0.1420560242215014
689,0.2642833245840279,-0.44324204529560274
69,0.05770221836869882,0.7061740502140806
690,0.15135774636667065,0.1203973452261437
691,-0.028493539782077252,-0.8853622736817823
692,0.2437630905799795,0.4689648487047564
693,-0.38270593598200525,-0.0370826268735532
694,0.14240687717409267,-0.014381999233708188
695,0.6967704280511822,0.6250231345298841
696,-0.13921778056381423,-0.3583091970386898
697,0.3806116204702527,0.5151072734542942
698,-0.4957446433022087,-0.22177459731761928
699,-0.15920055513431036,0.702470390413294
7,-0.27588929171162396,-0.6104056736509191
70,0.30894793385966435,-0.5242979745534226
700,-0.004290265568348321,0.6712893748883996
701,-0.21018052040724014,-0.5038334094616378
702,-0.4765497323077712,-0.2973810912973141
703,0.43309587832657387,0.2105684203421477
704,-0.131005061677094,-0.9719863258251595
705,-0.5190792935412653,-0.7807848261212473
706,0.5729378023670182,-0.8249383663284341
707,0.4484462479290756,0.38691597394830085
708,-0.4649551070933047,-0.2405784070264577
709,0.04959889824436553,0.5539613587181219
71,0.7560606812850283,-0.44747903364747704
710,0.601451349341508,0.27157149173325135
711,-0.4854058661368514,0.12797158938885086
712,-0.7745910269476437,-0.5329059410853891
713,0.11920508419377174,-0.5783914857086078
714,-0.16188430976056764,0.761372060522402
715,-0.22048793895379232,0.07604292421013768
716,-0.774436487685002,-0.16805283291615433
717,-0.17335289780908705,-0.023686856416936103
718,-0.1904026730919156,0.7998795856715424
719,-0.824016496617331,0.11628301438699623
72,-0.20640271175302985,0.7815731937863082
720,0.12629947586475174,-0.9449127905710667
721,0.37782410303143255,-0.3060615649570878
722,0.13748072641222858,0.19588233067443717
723,-0.8554879708622972,-0.23178814657858363
724,0.28666631497777306,-0.4481067602072832
725,0.7429275767618274,0.1630364453694213
726,-0.8645178904094387,0.15341240377632778
727,0.522242465237216,-0.5871745642941083
728,0.038829258334310654,-0.9797007360379824
729,-0.8734904161309079,-0.4216352283987477
73,-0.8225161477209995,-0.19540789782738632
730,0.6301922624847166,0.5427280997851011
731,-0.3484647616293681,0.34850197383793313
732,-0.3630681316595278,-0.5473443699359214
733,-0.5287184003205457,-0.24176731136062607
734,0.006424837674291672,0.5758423559091503
735,0.41041929068857963,-0.4939011682371091
736,0.7415321741567032,0.5993847667974833
737,0.12464319966470239,-0.11149310957284564
738,-0.8609890007834597,-0.15083826881538298
739,0.4167722434099048,-0.4944891295620331
74,-0.1685794793056524,0.6419761356987082
740,0.08835544953143347,-0.9804635975407242
741,-0.7061547896707382,0.26480120877818236
742,-0.07993417712080136,0.44303524069882316
743,0.531324762350187,0.4801222790939236
744,-0.5465134991827261,0.5355484094087578
745,-0.7092244771581271,0.2938660189832502
746,-0.789716087340006,0.1671915703955649
747,-0.28736115562817394,0.02273898657950746
748,-0.3429915032907186,0.34462690560628534
749,-0.23741671797774064,0.7737817366730757
75,-0.04754508627100255,-0.9465404306653361
750,0.21718255904871175,-0.236767359298992
751,-0.03945670555232226,-0.7100413612658634
752,-0.5687470755558982,0.05917197392009301
753,0.40372356552920685,0.1911396642319864
754,-0.15655374560960567,0.7586936689756759
755,0.015755565802520948,-0.8919456571499086
756,-0.08712814407091385,-0.50402177537594
757,-0.5170925577838628,0.01610632727621502
758,-0.6506799376881008,-0.13362293403253478
759,0.6398671035535876,0.5373103452772202
76,0.5221089558369116,-0.1384223777441745
760,0.0402265429580398,-0.1320674876333719
761,0.6362362004147086,0.2096824822529503
762,-0.6446584652451579,-0.5536462110431764
763,0.7075541505776899,0.8172816636979487
764,0.6995602545334025,-0.058854566923936875
765,0.2156493845181977,-0.7435573762890119
766,0.7041226226581367,0.6611493007705319
767,0.5257104970945148,-0.1388384411950532
768,-0.04032730352363041,0.44830079083797386
769,0.3044578169316751,0.26093698523843417
77,0.6980311853899563,0.30745503122569506
770,-0.07780364031104459,0.12902939468641772
771,-0.1812232379046709,0.11389750289554515
772,0.3849356622757063,-0.11349071396219043
773,0.04603003675679171,-0.05479149077244873
774,0.3853181307556074,0.7320932501034298
775,0.08706154714742441,-0.3141156158176961
776,0.6073215519760264,0.21599746889806468
777,-0.11122957640880074,0.6246388304402353
778,0.146799839810425,0.7608676397801768
779,-0.24701342086547903,-0.4210412989509836
78,0.47567096089846395,0.1968490286069834
780,-0.19621777504345847,0.692674323359004
781,-0.664378691118105,0.6176070960913914
782,-0.45559384080599197,0.02706481658075148
783,-0.9031123300196898,0.06000499594324149
784,-0.6906930060281341,0.6695711304510422
785,-0.9322082302852013,-0.04365457671303976
786,0.700062328734533,-0.30366369235897855
787,0.6861534406875504,0.2892717347608947
788,-0.1907818486374989,-0.6859792907075151
789,-0.39040868583422095,-0.7867367798196289
79,0.07987044442695165,0.3913948915282148
790,-0.4205311915667541,0.5216347882350286
791,0.13817427081712708,0.8065425483734743
792,0.7579966347643783,-0.47901123841620985
793,-0.13923564783939515,0.6949929657192747
794,-0.7392499523101752,0.2497980886181971
795,-0.8475507752826898,-0.29194882584649867
796,0.5872485755662298,0.470062141097458
797,-0.66393782654974,0.3746432672702254
798,-0.08640035158500789,0.5639869461563211
799,-0.14269308833283864,-0.9655470592905924
8,0.17147853950346173,0.7088112995159691
80,-0.35149055094090664,0.34462292554870194
800,-0.5855836901429103,0.12927074628643995
802,0.7275959143882733,-0.41327669790242016
803,-0.2507905826978633,0.8290991548739314
804,0.5856111509623128,-0.7884489111389147
805,-0.5317512291923367,0.16548237038181848
806,-0.627740048007829,0.5449948079215745
807,-0.344600891032907,-0.1851748145471089
808,0.45408620258724025,0.8300229230574158
809,0.10298919164835468,-0.47208369114516185
81,0.42456196932500617,0.17334659844269595
810,-0.46351227971071124,-0.6931181585112034
811,0.22828435213892265,0.0017006473533216224
812,0.7455011752301874,0.5869522710674753
813,0.5040149246959283,0.32224365186991616
814,0.2649355865828331,0.45874400579396013
815,0.6373131392197681,0.26053635862532093
816,0.7322956711113741,-0.41320397162886974
817,-0.7134308301502409,0.07028980701499811
818,-0.3474486723966499,0.34729564801629953
819,-0.1889203203976371,0.7561332601893964
82,-0.4515863118046306,0.040417332760518315
820,0.4828060147389075,-0.9026524625152853
821,0.7341293251976366,-0.4302479377345242
822,0.7330968766085496,-0.4258291272709393
823,0.5808247576381662,0.44411233995856103
824,0.11964426644274231,0.05892234127372182
825,-0.21777873715341414,0.7775706481903406
826,-0.5610010339123005,-0.7896863278612442
827,-0.7350817385027271,0.2565505912981687
828,-0.16630423546879328,0.10906652789776172
829,-0.21229075953034468,-0.3284698431455747
83,0.34068025877221875,0.10274119902620733
830,-0.5110748278494125,-0.08583096122056949
831,0.21088809738402983,-0.8502076189196595
832,0.22906599143359901,-0.7534036933213016
833,-0.1877516335871592,0.8125820659652484
834,-0.8878915144946644,0.07907995377008234
835,0.16491506855278976,0.16848630292171451
836,-0.17869625220868776,0.6800310130380087
837,0.25230937203820514,-0.7426259517725102
838,0.5372535637491226,0.2751991108139285
839,0.20886416603623917,-0.8205140313196339
84,0.9321214802977638,0.4057364158316689
840,0.665505708727684,0.6124884022195235
841,0.5342332775150175,0.023904908429516154
842,-0.26922821842435324,0.3832533580159341
843,0.4667962502188761,0.7679023686906646
844,-0.29902330268503463,-0.24916933612894457
845,-0.5796485882977203,-0.12716229058452333
846,0.500337161291652,-0.23923228459244306
847,0.13684551196320272,-0.36306663899687874
848,0.3193512475376777,0.66724546788123
849,0.4726768776671765,0.4537996022582893
85,-0.07732261596710073,-0.498166879197545
850,-0.08833050256568327,-0.9393472819768091
851,0.3457381376738608,-0.7488366824030036
852,-0.6635513412360509,0.10311184270379664
853,0.3927674080363584,0.27902171723905306
854,0.6896675026508281,0.5377601930418382
855,0.21920825211230743,-0.7376665416627793
856,0.37011469732323127,0.8339463840478318
857,0.5687045725921398,-0.8222466685176227
858,-0.8356946770762128,0.1530462424990879
859,-0.7578278843014894,-0.22370118563024669
86,-0.3003684781444644,-0.7947116742273328
860,0.3928337813030555,-0.7087214442337946
861,-0.5909275712320726,-0.3328605816794338
862,-0.10731326849729506,0.6877674318195016
863,-0.20454268777451964,0.5549646656833693
864,-0.3499080264961099,0.34889294753415023
865,0.6812608782135703,0.04546473181751073
866,-0.8992256324845507,0.07138486394187696
867,-0.18755528457312334,0.7458968613352656
868,0.23149598423402176,-0.001074280014554059
869,-0.2688703113503065,-0.6924366254177436
87,0.44494967090664034,0.21044674638193547
870,0.09954580995447625,0.2724195303510135
871,-0.11663332785653747,-0.9725552167510986
872,0.034043759421802273,0.7848482033972002
873,-0.8703763072339022,-0.2660965727907521
874,0.17808024266682396,-0.030381381090504922
875,-0.06907009278052866,0.8314396960950927
876,0.5545694964546661,0.7831359323233551
877,-0.326518292624199,0.3373272576494751
878,-0.20226692409342548,0.7744064181348094
879,-0.02279122465740506,-0.8936152290709823
88,-0.23647925257839417,-0.38782609093085607
880,0.16247573990462008,-0.028764490294442484
881,0.7142748945994964,-0.3798227976195179
882,-0.18285086668360098,0.777789821811403
883,-0.3164778447623726,0.2945456400921567
884,0.38177462026246933,0.1827025872413288
885,0.5062109226400942,-0.5782844089584179
886,-0.9948612052798536,-0.18488821257246116
887,0.3415119056313827,-0.46883063526382385
888,0.4268935720197479,0.3110087186110095
889,-0.4453241590944391,-0.19146150462861009
89,-0.47012012937140163,-0.24438361796035926
890,-0.536296282023015,-0.583380992423282
891,0.15441605006957201,0.7076190497669415
892,-0.5315866127338902,-0.7957658059359544
893,-0.15349094384649042,-0.29012977704506354
894,-0.8999511536352226,0.09485831004523651
895,-0.10475816346369966,-0.27884930139709224
896,-0.4708783151468184,-0.04658274021484311
897,-0.606888034114735,0.42316857352830933
898,-0.6958786248885425,0.4092699211803419
899,-0.0025128587493467272,0.9127598073077725
9,-0.4498835936772632,0.039924901464254786
90,0.3356425887864222,-0.5067367791029389
900,-0.49413864871734636,-0.10233805262083695
901,0.5907703847568434,0.7973093454099265
902,0.6982947463794613,-0.40354476123149263
903,-0.4491201650133123,0.07586580499162446
904,0.6011902065974831,0.3100536648881306
905,-0.3512929864727555,0.34478853016432465
906,0.23045243655255646,-0.7496047958239306
907,0.6812392925483931,0.7551680743946256
908,0.6732454032200795,0.15167557816681923
909,-0.319682809213294,0.3437705155653504
91,0.28828740943505293,-0.37213400351569775
910,-0.6945722546640045,0.6770447252614469
911,0.10854632564738591,0.7787562761849635
912,0.32176090354502723,0.8444525668968148
913,0.2319783802172799,0.3960211666911438
914,0.14659471787989695,0.1280511121082379
915,-0.7226711565389725,-0.6181168786381461
916,-0.7104457342936601,0.6789361435991024
917,0.9581035494921583,0.28473204880354636
918,0.23004658823407195,0.5916753963761213
919,0.364933156248496,0.2628599068207732
92,-0.15837792760336777,0.2907238580958012
920,0.3469865264588455,-0.7241099360653289
921,0.5084996173171129,0.24078128664595105
922,-0.6445739142329018,0.5535815145672895
923,-0.5873227754503928,-0.32888688495591833
924,-0.34616037110020126,0.3703328215040968
925,0.3819161239646746,-0.6209475497324173
926,-0.3075789838889258,-0.1595084016046674
927,0.474393620155495,-0.502921343828249
928,-0.6665420152111026,0.005601294380313811
929,-0.5083782441785581,-0.13064869839165721
93,-0.4104227873906883,-0.05409545536034683
930,-0.6430784898111,0.03396023141254108
931,0.18654456581979967,-0.09889211966232161
932,0.466438150560694,-0.9367146052039154
933,0.5268986096514008,-0.6324294881025404
934,0.2358016487922305,0.6092105970968764
935,0.6707589935646742,0.18503173911338106
936,0.34857913411194813,0.8271640757957904
937,-0.12869727453648405,0.8473691431563153
938,0.46140326941970944,0.700207321481231
939,-0.03299242966187566,0.42085115563020636
94,-0.8796807823088376,0.08815919444558222
940,0.1818140815542069,-0.5029501029087796
941,0.1606222831675017,0.10515389011102767
942,-0.30259416293339425,-0.3737084954729821
943,0.6453226700564394,0.3384706545009284
944,0.3955844402881752,-0.12993830754769892
945,0.5222733260367944,0.22972622219345884
946,0.6079553405271222,0.8350365823852448
947,-0.8404255686774059,-0.28218397919993243
948,0.31416168874043976,-0.5443863770771289
949,0.4004051557789636,-0.12450040243139901
95,-0.6578848569694495,0.34835154873748864
950,-0.22433292182030273,0.5361909695179835
951,0.3507161041230806,0.29152723301082034
952,-0.7663318582337357,0.1652466923513116
953,-0.6724262261635404,-0.27214494613332274
954,-0.2973824245129911,-0.1469643819746297
955,-0.30538325858702886,0.6668033852661839
956,0.17568263682947766,0.7222214725406979
957,0.9262476818173526,0.4010573619511033
958,-0.8034527352052282,-0.20354569628304195
959,-0.7166449555722932,0.316685815797844
96,-0.120194401308018,0.7811741560361593
960,-0.7070905473581419,0.6673794621438217
961,-0.20186967089739527,0.10922437969522827
962,0.33213621647185604,-0.5300542058525584
963,-0.387686565157329,-0.5171747796581952
964,-0.6937064348319203,-0.44131396563664416
965,0.4660572312649216,-0.17887491948256423
966,0.5066706571340094,-0.6755267831639398
967,0.5025979822425207,0.19624286694276624
968,0.2602072022809019,-0.7534491448818356
969,0.09033194889912909,0.7339097145472376
97,-0.544293409666724,-0.5811693468071323
970,0.637461804706017,0.22168974718413414
971,-0.08878997454616215,-0.50490890291347
972,0.30225450580545243,0.07834183470229587
973,-0.24715518473852585,0.8078915684419039
974,0.4505758511443717,-0.033199044352202785
975,0.39806190143203074,-0.6867363953388012
976,0.3122258455280827,-0.2566302487691737
977,-0.2653065367897605,-0.7733880108406038
978,-0.3926619532299069,0.06551267644527049
979,-0.07023871275748575,-0.05968939793961727
98,-0.31217224444531894,-0.23211100510353622
980,-0.3404475308590908,0.3468738650513245
981,-0.6183604602577636,-0.011708438690089668
982,-0.18990284354280548,-0.5126702760575728
983,-0.8377809455489029,-0.2669276025564313
984,-0.31789729347252804,0.1209772147723828
985,0.5057218862356607,-0.653720536093941
986,0.8209406752254657,-0.26371166147050495
987,-0.8727728578878693,0.16831832934366153
988,-0.6255774215787183,-0.3636139140607819
989,0.49356221022119956,-0.8919057743319387
99,-0.6028875317551243,-0.5122044477466264
990,0.2028088721260199,0.42489893247606114
991,0.4725978215336422,-0.6344538684678407
992,0.06660400227891124,-0.49460819975969555
993,0.018453090844701994,0.8851905229605446
994,0.2440015245626797,0.5823307827033524
995,0.0421331589725532,0.25729472580842966
996,0.38950810636032834,0.034915706780687464
997,-0.289517572019092,-0.7518145982632681
998,-0.08068303058140225,0.14710738223267067
999,-0.5131666063946052,0.0860623712520566